advertiser_id,type,count_star()
404,serve,10182
383,serve,10149
754,serve,10133
1000,serve,10123
832,serve,10096
365,serve,10090
328,serve,10081
648,serve,10080
702,serve,10074
234,serve,10072
397,serve,10072
985,serve,10069
511,serve,10066
339,serve,10058
298,serve,10053
573,serve,10053
728,serve,10048
783,serve,10045
151,serve,10042
677,serve,10038
459,serve,10034
750,serve,10033
978,serve,10033
342,serve,10031
139,serve,10031
285,serve,10030
807,serve,10029
135,serve,10029
935,serve,10029
810,serve,10029
517,serve,10027
153,serve,10024
291,serve,10023
337,serve,10022
474,serve,10020
379,serve,10020
900,serve,10019
184,serve,10018
394,serve,10013
56,serve,10011
917,serve,10011
822,serve,10010
357,serve,10010
838,serve,10008
559,serve,10006
684,serve,10004
488,serve,10004
22,serve,10003
655,serve,10003
659,serve,10003
109,serve,10002
441,serve,10002
175,serve,10001
457,serve,9999
522,serve,9999
828,serve,9999
550,serve,9998
414,serve,9997
925,serve,9996
247,serve,9995
570,serve,9995
191,serve,9995
36,serve,9994
785,serve,9992
563,serve,9992
896,serve,9992
374,serve,9991
545,serve,9991
335,serve,9989
695,serve,9989
477,serve,9989
269,serve,9989
547,serve,9988
525,serve,9987
172,serve,9987
530,serve,9985
706,serve,9984
993,serve,9984
873,serve,9983
981,serve,9983
780,serve,9983
338,serve,9982
329,serve,9982
884,serve,9982
778,serve,9982
415,serve,9982
123,serve,9981
453,serve,9981
313,serve,9980
99,serve,9980
107,serve,9979
845,serve,9979
914,serve,9977
47,serve,9977
757,serve,9976
96,serve,9975
697,serve,9973
7,serve,9972
293,serve,9971
140,serve,9970
482,serve,9970
434,serve,9969
389,serve,9969
311,serve,9968
581,serve,9967
144,serve,9966
707,serve,9966
751,serve,9966
369,serve,9966
855,serve,9964
177,serve,9964
730,serve,9962
784,serve,9962
894,serve,9961
467,serve,9959
910,serve,9959
885,serve,9958
628,serve,9958
557,serve,9958
119,serve,9957
494,serve,9956
962,serve,9956
531,serve,9954
999,serve,9953
781,serve,9952
990,serve,9952
593,serve,9952
968,serve,9949
676,serve,9948
37,serve,9948
577,serve,9947
159,serve,9947
344,serve,9945
101,serve,9945
715,serve,9945
106,serve,9944
912,serve,9944
887,serve,9944
614,serve,9944
895,serve,9944
764,serve,9944
722,serve,9944
49,serve,9943
81,serve,9943
44,serve,9943
332,serve,9943
601,serve,9941
735,serve,9941
391,serve,9941
709,serve,9940
95,serve,9940
326,serve,9940
674,serve,9939
320,serve,9939
505,serve,9939
65,serve,9938
50,serve,9938
368,serve,9937
921,serve,9937
208,serve,9937
359,serve,9937
607,serve,9937
617,serve,9937
245,serve,9936
436,serve,9935
487,serve,9935
945,serve,9935
163,serve,9934
853,serve,9933
334,serve,9933
128,serve,9933
966,serve,9933
973,serve,9933
889,serve,9932
24,serve,9932
486,serve,9932
372,serve,9932
258,serve,9931
875,serve,9931
504,serve,9931
583,serve,9930
930,serve,9930
997,serve,9930
399,serve,9929
71,serve,9929
263,serve,9929
527,serve,9929
277,serve,9927
485,serve,9927
700,serve,9927
634,serve,9926
196,serve,9926
21,serve,9926
724,serve,9926
358,serve,9925
790,serve,9925
542,serve,9924
195,serve,9924
42,serve,9923
98,serve,9923
668,serve,9923
77,serve,9922
836,serve,9922
378,serve,9922
405,serve,9921
777,serve,9921
841,serve,9921
473,serve,9921
681,serve,9920
664,serve,9920
632,serve,9919
549,serve,9919
249,serve,9918
969,serve,9918
738,serve,9918
893,serve,9918
670,serve,9917
145,serve,9917
603,serve,9917
725,serve,9916
465,serve,9916
667,serve,9916
932,serve,9916
592,serve,9916
977,serve,9914
512,serve,9914
587,serve,9913
200,serve,9913
478,serve,9912
635,serve,9912
347,serve,9912
723,serve,9912
246,serve,9912
820,serve,9912
907,serve,9911
680,serve,9911
843,serve,9911
392,serve,9911
376,serve,9911
55,serve,9911
786,serve,9911
182,serve,9911
528,serve,9910
308,serve,9910
957,serve,9910
909,serve,9910
215,serve,9909
821,serve,9908
915,serve,9908
165,serve,9908
243,serve,9907
988,serve,9907
518,serve,9906
209,serve,9906
300,serve,9906
749,serve,9905
746,serve,9905
608,serve,9905
58,serve,9904
996,serve,9904
97,serve,9904
874,serve,9903
886,serve,9903
498,serve,9903
928,serve,9902
16,serve,9902
80,serve,9901
295,serve,9901
275,serve,9901
558,serve,9900
231,serve,9900
798,serve,9899
400,serve,9899
571,serve,9897
539,serve,9897
214,serve,9897
850,serve,9895
604,serve,9895
880,serve,9894
287,serve,9894
501,serve,9893
401,serve,9893
1,serve,9892
204,serve,9892
218,serve,9891
949,serve,9891
598,serve,9891
971,serve,9889
933,serve,9889
854,serve,9889
950,serve,9888
194,serve,9888
362,serve,9888
360,serve,9887
936,serve,9886
496,serve,9886
219,serve,9886
321,serve,9886
624,serve,9885
104,serve,9885
871,serve,9885
872,serve,9884
721,serve,9884
302,serve,9884
217,serve,9884
355,serve,9884
386,serve,9884
160,serve,9884
54,serve,9884
952,serve,9883
903,serve,9883
863,serve,9883
251,serve,9882
72,serve,9882
141,serve,9882
216,serve,9881
174,serve,9881
105,serve,9880
799,serve,9880
641,serve,9879
645,serve,9879
162,serve,9879
67,serve,9879
303,serve,9878
363,serve,9878
416,serve,9878
551,serve,9878
121,serve,9878
61,serve,9878
552,serve,9878
364,serve,9877
63,serve,9877
513,serve,9876
367,serve,9875
947,serve,9875
345,serve,9875
361,serve,9874
307,serve,9874
533,serve,9874
597,serve,9874
290,serve,9874
946,serve,9874
998,serve,9874
890,serve,9873
158,serve,9873
982,serve,9873
227,serve,9872
417,serve,9871
377,serve,9871
207,serve,9871
212,serve,9871
851,serve,9870
48,serve,9870
602,serve,9870
137,serve,9870
39,serve,9869
877,serve,9869
222,serve,9868
117,serve,9868
689,serve,9868
283,serve,9868
951,serve,9868
395,serve,9868
892,serve,9868
90,serve,9867
983,serve,9867
844,serve,9867
540,serve,9867
809,serve,9867
4,serve,9867
906,serve,9866
176,serve,9866
458,serve,9866
250,serve,9866
566,serve,9866
210,serve,9866
691,serve,9865
653,serve,9865
586,serve,9865
237,serve,9865
801,serve,9864
858,serve,9864
666,serve,9864
254,serve,9864
274,serve,9863
423,serve,9863
580,serve,9863
955,serve,9863
203,serve,9863
619,serve,9862
763,serve,9862
419,serve,9862
622,serve,9862
923,serve,9861
756,serve,9861
86,serve,9860
490,serve,9859
142,serve,9859
521,serve,9859
956,serve,9858
572,serve,9858
960,serve,9858
913,serve,9858
18,serve,9858
769,serve,9857
861,serve,9857
926,serve,9857
519,serve,9857
88,serve,9857
221,serve,9857
114,serve,9855
948,serve,9855
579,serve,9855
60,serve,9855
719,serve,9854
954,serve,9854
387,serve,9854
805,serve,9854
904,serve,9853
506,serve,9853
447,serve,9853
765,serve,9853
720,serve,9853
762,serve,9853
712,serve,9852
727,serve,9852
965,serve,9852
811,serve,9851
774,serve,9851
143,serve,9851
548,serve,9851
43,serve,9851
611,serve,9850
446,serve,9850
438,serve,9850
716,serve,9849
388,serve,9849
567,serve,9849
83,serve,9849
35,serve,9849
621,serve,9849
492,serve,9848
796,serve,9848
860,serve,9848
775,serve,9848
136,serve,9848
817,serve,9848
408,serve,9848
984,serve,9847
454,serve,9846
93,serve,9846
686,serve,9845
804,serve,9845
402,serve,9845
294,serve,9845
424,serve,9845
380,serve,9845
767,serve,9844
744,serve,9844
987,serve,9843
980,serve,9843
644,serve,9843
45,serve,9842
868,serve,9842
112,serve,9842
205,serve,9842
881,serve,9842
524,serve,9842
481,serve,9842
239,serve,9841
185,serve,9841
331,serve,9841
795,serve,9841
122,serve,9840
257,serve,9839
768,serve,9839
418,serve,9839
731,serve,9838
537,serve,9838
75,serve,9838
425,serve,9837
40,serve,9837
491,serve,9837
390,serve,9837
493,serve,9836
52,serve,9836
802,serve,9835
242,serve,9835
450,serve,9835
698,serve,9835
319,serve,9834
19,serve,9834
497,serve,9834
737,serve,9834
740,serve,9833
869,serve,9833
693,serve,9832
130,serve,9832
554,serve,9831
92,serve,9831
766,serve,9831
14,serve,9831
462,serve,9831
837,serve,9831
166,serve,9831
469,serve,9830
325,serve,9830
483,serve,9829
267,serve,9829
862,serve,9829
588,serve,9829
354,serve,9828
223,serve,9828
824,serve,9827
271,serve,9827
688,serve,9827
444,serve,9827
610,serve,9827
66,serve,9826
78,serve,9826
661,serve,9826
70,serve,9826
431,serve,9826
616,serve,9825
683,serve,9825
115,serve,9824
340,serve,9824
410,serve,9824
432,serve,9824
654,serve,9823
569,serve,9823
259,serve,9823
743,serve,9823
782,serve,9823
9,serve,9823
429,serve,9823
864,serve,9822
240,serve,9822
794,serve,9822
317,serve,9821
366,serve,9821
188,serve,9821
787,serve,9821
472,serve,9821
261,serve,9821
305,serve,9821
154,serve,9820
41,serve,9820
13,serve,9820
384,serve,9820
561,serve,9820
341,serve,9820
289,serve,9820
281,serve,9820
282,serve,9819
729,serve,9819
51,serve,9819
84,serve,9819
30,serve,9819
103,serve,9819
94,serve,9819
452,serve,9818
671,serve,9818
773,serve,9817
193,serve,9817
556,serve,9817
931,serve,9817
68,serve,9817
124,serve,9817
934,serve,9817
89,serve,9816
760,serve,9816
381,serve,9816
711,serve,9816
32,serve,9815
189,serve,9815
631,serve,9815
613,serve,9815
589,serve,9814
266,serve,9814
992,serve,9814
856,serve,9814
660,serve,9814
961,serve,9813
718,serve,9813
929,serve,9813
833,serve,9813
475,serve,9813
262,serve,9813
230,serve,9812
316,serve,9812
637,serve,9811
273,serve,9811
574,serve,9811
663,serve,9811
324,serve,9810
199,serve,9810
187,serve,9810
535,serve,9810
708,serve,9810
975,serve,9810
371,serve,9809
502,serve,9809
152,serve,9809
546,serve,9808
704,serve,9808
883,serve,9808
279,serve,9808
630,serve,9808
8,serve,9808
470,serve,9807
499,serve,9807
463,serve,9806
733,serve,9806
241,serve,9806
615,serve,9806
543,serve,9806
770,serve,9805
953,serve,9805
229,serve,9804
403,serve,9804
440,serve,9803
178,serve,9803
732,serve,9802
970,serve,9802
995,serve,9802
464,serve,9801
927,serve,9801
908,serve,9801
439,serve,9801
823,serve,9800
180,serve,9800
575,serve,9800
792,serve,9800
797,serve,9800
476,serve,9800
745,serve,9799
11,serve,9799
939,serve,9799
514,serve,9799
793,serve,9798
85,serve,9798
91,serve,9798
270,serve,9798
455,serve,9798
678,serve,9798
318,serve,9797
605,serve,9797
306,serve,9796
842,serve,9796
28,serve,9796
771,serve,9796
640,serve,9795
758,serve,9795
149,serve,9795
449,serve,9795
813,serve,9795
120,serve,9795
675,serve,9794
508,serve,9794
102,serve,9794
507,serve,9794
806,serve,9794
393,serve,9793
626,serve,9793
647,serve,9793
224,serve,9793
812,serve,9793
942,serve,9792
183,serve,9792
244,serve,9792
276,serve,9791
815,serve,9790
736,serve,9790
253,serve,9790
899,serve,9790
651,serve,9790
876,serve,9790
679,serve,9789
578,serve,9789
500,serve,9789
426,serve,9788
256,serve,9788
714,serve,9788
87,serve,9788
29,serve,9787
897,serve,9787
437,serve,9786
840,serve,9786
772,serve,9786
692,serve,9786
76,serve,9785
591,serve,9785
816,serve,9784
919,serve,9783
849,serve,9783
800,serve,9783
685,serve,9783
937,serve,9782
133,serve,9782
173,serve,9782
536,serve,9782
126,serve,9781
351,serve,9781
819,serve,9781
696,serve,9780
255,serve,9780
791,serve,9780
489,serve,9779
562,serve,9778
202,serve,9778
713,serve,9778
125,serve,9777
57,serve,9777
118,serve,9777
333,serve,9777
53,serve,9776
658,serve,9776
190,serve,9776
131,serve,9776
12,serve,9776
825,serve,9776
662,serve,9775
649,serve,9775
268,serve,9775
370,serve,9775
830,serve,9775
901,serve,9775
116,serve,9775
26,serve,9775
82,serve,9774
568,serve,9773
186,serve,9773
435,serve,9773
638,serve,9773
348,serve,9772
967,serve,9772
197,serve,9772
62,serve,9771
322,serve,9771
646,serve,9770
46,serve,9769
31,serve,9769
280,serve,9769
252,serve,9768
34,serve,9768
168,serve,9768
652,serve,9768
879,serve,9767
146,serve,9767
986,serve,9767
888,serve,9767
272,serve,9766
633,serve,9766
779,serve,9765
353,serve,9764
596,serve,9764
944,serve,9764
171,serve,9764
541,serve,9763
233,serve,9763
520,serve,9763
576,serve,9762
642,serve,9762
284,serve,9762
297,serve,9762
789,serve,9762
600,serve,9761
538,serve,9761
902,serve,9760
865,serve,9760
350,serve,9760
260,serve,9760
411,serve,9760
336,serve,9760
155,serve,9759
920,serve,9759
310,serve,9758
972,serve,9756
170,serve,9756
682,serve,9755
235,serve,9755
264,serve,9754
382,serve,9753
555,serve,9753
466,serve,9753
532,serve,9753
406,serve,9752
891,serve,9752
64,serve,9752
15,serve,9752
979,serve,9751
286,serve,9751
726,serve,9751
10,serve,9751
409,serve,9750
553,serve,9750
3,serve,9749
17,serve,9749
315,serve,9749
304,serve,9749
826,serve,9749
278,serve,9748
595,serve,9747
625,serve,9747
618,serve,9747
74,serve,9747
484,serve,9746
312,serve,9746
747,serve,9746
169,serve,9746
422,serve,9746
6,serve,9745
23,serve,9744
526,serve,9744
839,serve,9744
857,serve,9744
701,serve,9744
181,serve,9744
220,serve,9743
846,serve,9743
451,serve,9743
198,serve,9742
669,serve,9742
456,serve,9742
665,serve,9741
918,serve,9740
878,serve,9740
346,serve,9740
599,serve,9740
922,serve,9740
582,serve,9740
228,serve,9740
717,serve,9739
827,serve,9738
167,serve,9738
560,serve,9738
225,serve,9738
627,serve,9738
503,serve,9738
343,serve,9737
433,serve,9737
759,serve,9736
672,serve,9736
882,serve,9735
958,serve,9735
248,serve,9734
398,serve,9734
994,serve,9734
232,serve,9734
407,serve,9734
938,serve,9734
564,serve,9734
448,serve,9732
705,serve,9732
742,serve,9731
590,serve,9731
594,serve,9730
420,serve,9729
352,serve,9729
428,serve,9728
292,serve,9728
976,serve,9727
673,serve,9727
835,serve,9726
656,serve,9726
349,serve,9725
375,serve,9724
739,serve,9724
808,serve,9723
20,serve,9723
859,serve,9723
148,serve,9722
5,serve,9722
959,serve,9722
129,serve,9721
924,serve,9721
161,serve,9719
710,serve,9719
989,serve,9718
323,serve,9717
265,serve,9717
516,serve,9717
612,serve,9717
385,serve,9717
443,serve,9717
905,serve,9717
157,serve,9716
213,serve,9716
100,serve,9715
814,serve,9715
236,serve,9714
111,serve,9714
226,serve,9713
690,serve,9713
179,serve,9712
59,serve,9711
211,serve,9711
963,serve,9709
327,serve,9708
734,serve,9708
509,serve,9708
201,serve,9706
495,serve,9705
964,serve,9705
831,serve,9705
629,serve,9704
164,serve,9704
515,serve,9704
694,serve,9703
776,serve,9702
134,serve,9701
301,serve,9701
413,serve,9700
748,serve,9700
396,serve,9699
609,serve,9697
991,serve,9697
650,serve,9696
356,serve,9695
911,serve,9694
898,serve,9693
852,serve,9693
480,serve,9692
296,serve,9691
69,serve,9691
870,serve,9690
818,serve,9690
974,serve,9689
761,serve,9687
657,serve,9687
643,serve,9687
206,serve,9687
192,serve,9687
427,serve,9686
33,serve,9686
479,serve,9685
585,serve,9684
523,serve,9684
699,serve,9682
544,serve,9679
741,serve,9679
238,serve,9678
529,serve,9677
73,serve,9677
132,serve,9676
445,serve,9676
25,serve,9672
534,serve,9672
442,serve,9671
687,serve,9671
412,serve,9670
309,serve,9670
565,serve,9667
108,serve,9667
288,serve,9666
788,serve,9665
867,serve,9665
138,serve,9664
639,serve,9663
2,serve,9662
943,serve,9661
461,serve,9661
421,serve,9659
79,serve,9655
38,serve,9654
156,serve,9654
753,serve,9654
636,serve,9653
620,serve,9652
848,serve,9651
299,serve,9651
468,serve,9650
847,serve,9647
916,serve,9644
27,serve,9644
510,serve,9643
584,serve,9639
703,serve,9639
110,serve,9638
373,serve,9637
866,serve,9634
113,serve,9634
755,serve,9628
752,serve,9625
147,serve,9624
803,serve,9611
941,serve,9610
940,serve,9599
829,serve,9595
127,serve,9595
606,serve,9592
150,serve,9591
834,serve,9583
430,serve,9579
471,serve,9573
623,serve,9573
314,serve,9572
330,serve,9570
460,serve,9562
754,impression,5154
828,impression,5129
573,impression,5122
504,impression,5115
785,impression,5103
291,impression,5096
441,impression,5091
822,impression,5083
648,impression,5082
486,impression,5079
383,impression,5077
329,impression,5077
832,impression,5074
372,impression,5072
293,impression,5066
482,impression,5062
997,impression,5061
935,impression,5061
634,impression,5058
80,impression,5058
397,impression,5057
357,impression,5057
780,impression,5056
247,impression,5055
258,impression,5053
764,impression,5052
404,impression,5052
414,impression,5050
106,impression,5049
903,impression,5046
328,impression,5045
151,impression,5045
810,impression,5044
362,impression,5044
339,impression,5044
674,impression,5043
365,impression,5043
957,impression,5043
517,impression,5043
453,impression,5042
77,impression,5042
269,impression,5042
982,impression,5041
497,impression,5040
467,impression,5038
702,impression,5036
512,impression,5034
488,impression,5034
44,impression,5034
47,impression,5034
945,impression,5031
540,impression,5031
81,impression,5029
721,impression,5029
542,impression,5029
790,impression,5028
391,impression,5027
978,impression,5027
522,impression,5027
267,impression,5027
163,impression,5027
807,impression,5026
259,impression,5026
874,impression,5026
684,impression,5026
550,impression,5026
109,impression,5025
783,impression,5024
817,impression,5024
671,impression,5024
128,impression,5023
313,impression,5023
505,impression,5022
914,impression,5021
55,impression,5021
530,impression,5021
965,impression,5021
275,impression,5020
993,impression,5019
107,impression,5019
434,impression,5019
912,impression,5019
416,impression,5018
985,impression,5018
477,impression,5018
875,impression,5018
630,impression,5017
561,impression,5016
162,impression,5016
195,impression,5016
219,impression,5016
234,impression,5015
104,impression,5015
521,impression,5015
335,impression,5014
996,impression,5013
602,impression,5012
56,impression,5011
796,impression,5011
670,impression,5010
853,impression,5010
725,impression,5010
215,impression,5009
549,impression,5009
72,impression,5009
379,impression,5009
474,impression,5009
394,impression,5008
37,impression,5008
886,impression,5008
722,impression,5008
777,impression,5007
862,impression,5007
577,impression,5006
936,impression,5006
778,impression,5006
664,impression,5006
63,impression,5006
99,impression,5006
154,impression,5005
98,impression,5005
569,impression,5005
677,impression,5003
402,impression,5003
285,impression,5003
139,impression,5003
750,impression,5002
868,impression,5001
525,impression,5001
697,impression,5001
907,impression,5000
298,impression,5000
239,impression,5000
735,impression,4999
67,impression,4999
695,impression,4999
386,impression,4998
900,impression,4998
419,impression,4998
175,impression,4997
462,impression,4997
347,impression,4996
208,impression,4996
250,impression,4995
61,impression,4995
781,impression,4995
251,impression,4994
931,impression,4993
344,impression,4992
7,impression,4992
680,impression,4991
926,impression,4990
246,impression,4989
243,impression,4989
622,impression,4989
32,impression,4989
360,impression,4989
1000,impression,4989
168,impression,4988
766,impression,4988
782,impression,4987
332,impression,4987
784,impression,4986
281,impression,4986
547,impression,4986
245,impression,4985
174,impression,4985
378,impression,4985
16,impression,4985
816,impression,4984
910,impression,4984
836,impression,4984
668,impression,4983
894,impression,4983
884,impression,4983
666,impression,4982
140,impression,4981
624,impression,4981
933,impression,4981
478,impression,4980
436,impression,4980
280,impression,4979
768,impression,4979
210,impression,4979
893,impression,4979
845,impression,4979
184,impression,4978
494,impression,4978
554,impression,4978
22,impression,4978
222,impression,4977
925,impression,4977
715,impression,4976
498,impression,4976
54,impression,4976
617,impression,4976
821,impression,4976
676,impression,4976
49,impression,4976
635,impression,4975
863,impression,4975
890,impression,4975
459,impression,4975
153,impression,4975
423,impression,4974
559,impression,4974
380,impression,4974
736,impression,4974
885,impression,4974
614,impression,4974
457,impression,4973
920,impression,4973
998,impression,4973
307,impression,4972
738,impression,4972
172,impression,4971
850,impression,4971
511,impression,4971
628,impression,4971
194,impression,4971
96,impression,4971
563,impression,4970
160,impression,4970
101,impression,4970
496,impression,4969
558,impression,4969
182,impression,4969
374,impression,4969
756,impression,4969
311,impression,4968
490,impression,4968
980,impression,4968
977,impression,4968
757,impression,4967
854,impression,4967
389,impression,4967
706,impression,4967
909,impression,4967
345,impression,4966
716,impression,4966
747,impression,4966
513,impression,4966
536,impression,4966
640,impression,4965
476,impression,4964
746,impression,4964
895,impression,4964
703,impression,4964
861,impression,4964
556,impression,4964
326,impression,4964
607,impression,4963
949,impression,4963
503,impression,4963
473,impression,4963
729,impression,4963
709,impression,4963
282,impression,4962
968,impression,4962
698,impression,4962
981,impression,4962
338,impression,4962
135,impression,4962
889,impression,4961
798,impression,4961
36,impression,4961
97,impression,4961
804,impression,4961
892,impression,4961
337,impression,4960
71,impression,4960
287,impression,4960
566,impression,4960
42,impression,4959
123,impression,4959
191,impression,4958
917,impression,4958
749,impression,4958
491,impression,4958
661,impression,4958
819,impression,4958
880,impression,4957
552,impression,4957
392,impression,4956
368,impression,4956
415,impression,4955
888,impression,4955
887,impression,4955
990,impression,4955
580,impression,4954
772,impression,4954
334,impression,4954
824,impression,4954
176,impression,4954
331,impression,4953
257,impression,4953
758,impression,4953
820,impression,4953
369,impression,4952
242,impression,4952
723,impression,4952
860,impression,4951
371,impression,4951
751,impression,4951
114,impression,4951
320,impression,4951
632,impression,4951
165,impression,4950
922,impression,4950
34,impression,4950
94,impression,4950
83,impression,4949
433,impression,4949
930,impression,4949
205,impression,4949
214,impression,4949
655,impression,4949
255,impression,4948
950,impression,4948
592,impression,4948
136,impression,4948
732,impression,4948
765,impression,4948
955,impression,4948
65,impression,4947
14,impression,4947
432,impression,4947
984,impression,4947
475,impression,4946
66,impression,4946
519,impression,4946
650,impression,4946
567,impression,4946
604,impression,4946
904,impression,4946
21,impression,4946
122,impression,4946
979,impression,4946
458,impression,4945
651,impression,4945
193,impression,4945
262,impression,4945
207,impression,4945
872,impression,4945
631,impression,4944
689,impression,4944
728,impression,4943
805,impression,4943
350,impression,4943
375,impression,4943
377,impression,4943
341,impression,4943
405,impression,4942
279,impression,4942
290,impression,4942
449,impression,4942
775,impression,4942
159,impression,4941
801,impression,4941
992,impression,4941
557,impression,4941
266,impression,4941
686,impression,4941
294,impression,4941
86,impression,4941
254,impression,4940
401,impression,4940
11,impression,4940
793,impression,4940
844,impression,4940
730,impression,4939
143,impression,4939
18,impression,4939
387,impression,4939
811,impression,4938
485,impression,4938
701,impression,4938
583,impression,4938
133,impression,4938
51,impression,4938
437,impression,4938
343,impression,4937
743,impression,4937
921,impression,4937
516,impression,4937
78,impression,4937
361,impression,4937
137,impression,4937
58,impression,4937
856,impression,4936
171,impression,4936
570,impression,4936
641,impression,4936
353,impression,4936
645,impression,4936
390,impression,4936
268,impression,4935
932,impression,4935
667,impression,4935
310,impression,4935
693,impression,4934
224,impression,4934
352,impression,4934
983,impression,4934
158,impression,4934
514,impression,4934
308,impression,4934
351,impression,4934
545,impression,4933
340,impression,4932
367,impression,4932
841,impression,4932
431,impression,4932
760,impression,4932
425,impression,4932
359,impression,4932
24,impression,4932
342,impression,4931
956,impression,4931
358,impression,4931
745,impression,4931
603,impression,4931
576,impression,4931
230,impression,4931
528,impression,4930
204,impression,4930
403,impression,4930
653,impression,4930
272,impression,4930
608,impression,4930
652,impression,4930
90,impression,4930
238,impression,4929
376,impression,4929
923,impression,4929
235,impression,4929
954,impression,4929
177,impression,4929
426,impression,4929
587,impression,4928
196,impression,4928
237,impression,4928
586,impression,4928
88,impression,4927
527,impression,4927
223,impression,4927
501,impression,4927
718,impression,4926
799,impression,4926
683,impression,4926
714,impression,4926
934,impression,4926
19,impression,4925
705,impression,4925
370,impression,4925
966,impression,4925
946,impression,4925
8,impression,4924
891,impression,4924
999,impression,4924
508,impression,4924
469,impression,4924
601,impression,4924
704,impression,4924
944,impression,4923
336,impression,4923
277,impression,4923
181,impression,4922
597,impression,4922
627,impression,4922
304,impression,4922
444,impression,4921
198,impression,4921
546,impression,4921
455,impression,4921
169,impression,4920
30,impression,4919
355,impression,4919
303,impression,4919
173,impression,4919
696,impression,4919
76,impression,4919
273,impression,4919
202,impression,4918
987,impression,4918
1,impression,4918
532,impression,4918
708,impression,4918
786,impression,4918
62,impression,4918
295,impression,4918
300,impression,4917
588,impression,4917
119,impression,4917
660,impression,4917
679,impression,4916
411,impression,4916
271,impression,4916
593,impression,4916
855,impression,4916
4,impression,4916
744,impression,4916
837,impression,4915
791,impression,4915
675,impression,4915
316,impression,4914
142,impression,4914
324,impression,4914
228,impression,4914
319,impression,4914
825,impression,4914
953,impression,4914
727,impression,4914
712,impression,4913
871,impression,4913
456,impression,4913
274,impression,4913
659,impression,4913
719,impression,4913
599,impression,4913
43,impression,4913
539,impression,4913
472,impression,4912
571,impression,4912
492,impression,4912
582,impression,4912
524,impression,4912
454,impression,4912
762,impression,4911
654,impression,4911
40,impression,4911
544,impression,4911
111,impression,4911
52,impression,4910
915,impression,4910
560,impression,4910
348,impression,4910
406,impression,4910
543,impression,4910
206,impression,4910
155,impression,4910
633,impression,4909
581,impression,4909
131,impression,4908
647,impression,4908
759,impression,4908
446,impression,4908
445,impression,4907
502,impression,4907
144,impression,4907
590,impression,4907
972,impression,4907
962,impression,4907
619,impression,4907
333,impression,4907
450,impression,4907
690,impression,4906
48,impression,4906
851,impression,4906
102,impression,4906
276,impression,4906
961,impression,4906
994,impression,4906
89,impression,4906
839,impression,4905
400,impression,4905
229,impression,4905
733,impression,4905
969,impression,4905
792,impression,4905
197,impression,4905
13,impression,4904
538,impression,4904
594,impression,4904
928,impression,4904
769,impression,4903
662,impression,4903
724,impression,4903
802,impression,4903
551,impression,4903
435,impression,4902
789,impression,4902
398,impression,4902
548,impression,4902
105,impression,4902
152,impression,4902
221,impression,4902
663,impression,4902
568,impression,4902
681,impression,4901
312,impression,4901
270,impression,4901
700,impression,4900
613,impression,4900
427,impression,4900
621,impression,4900
148,impression,4900
384,impression,4899
598,impression,4899
422,impression,4899
908,impression,4899
812,impression,4898
452,impression,4898
92,impression,4898
537,impression,4898
896,impression,4898
939,impression,4898
487,impression,4898
306,impression,4897
322,impression,4897
325,impression,4897
564,impression,4897
991,impression,4897
141,impression,4897
464,impression,4897
951,impression,4897
278,impression,4896
35,impression,4896
688,impression,4896
989,impression,4896
438,impression,4896
858,impression,4896
129,impression,4896
596,impression,4896
726,impression,4895
264,impression,4895
973,impression,4895
507,impression,4895
463,impression,4895
125,impression,4895
115,impression,4895
873,impression,4894
591,impression,4894
60,impression,4894
93,impression,4894
417,impression,4893
694,impression,4893
610,impression,4893
301,impression,4893
87,impression,4893
869,impression,4893
146,impression,4893
846,impression,4893
995,impression,4893
833,impression,4893
317,impression,4893
70,impression,4892
318,impression,4892
763,impression,4891
523,impression,4891
356,impression,4891
826,impression,4890
399,impression,4890
82,impression,4890
188,impression,4890
707,impression,4890
876,impression,4890
349,impression,4890
899,impression,4889
33,impression,4889
901,impression,4889
924,impression,4889
45,impression,4889
771,impression,4889
26,impression,4889
881,impression,4889
190,impression,4889
986,impression,4889
39,impression,4889
297,impression,4889
626,impression,4888
218,impression,4888
25,impression,4888
533,impression,4888
289,impression,4888
882,impression,4887
960,impression,4887
388,impression,4887
823,impression,4886
673,impression,4886
5,impression,4886
838,impression,4886
284,impression,4886
216,impression,4886
913,impression,4886
669,impression,4886
149,impression,4886
741,impression,4885
479,impression,4885
126,impression,4885
103,impression,4885
439,impression,4885
975,impression,4884
134,impression,4884
95,impression,4884
988,impression,4884
531,impression,4883
183,impression,4883
91,impression,4882
138,impression,4882
28,impression,4882
225,impression,4881
381,impression,4881
520,impression,4881
424,impression,4881
639,impression,4880
286,impression,4880
327,impression,4879
396,impression,4879
240,impression,4879
164,impression,4879
857,impression,4879
185,impression,4879
731,impression,4878
717,impression,4878
748,impression,4878
852,impression,4878
579,impression,4878
227,impression,4878
260,impression,4878
682,impression,4877
147,impression,4877
84,impression,4877
410,impression,4877
625,impression,4877
942,impression,4877
31,impression,4876
710,impression,4876
354,impression,4876
840,impression,4875
918,impression,4874
10,impression,4874
29,impression,4874
366,impression,4873
883,impression,4873
864,impression,4873
132,impression,4873
606,impression,4873
742,impression,4872
145,impression,4872
919,impression,4871
283,impression,4871
611,impression,4871
112,impression,4870
364,impression,4870
248,impression,4870
615,impression,4870
9,impression,4870
574,impression,4870
170,impression,4869
646,impression,4869
809,impression,4869
3,impression,4869
787,impression,4869
59,impression,4868
711,impression,4868
189,impression,4868
292,impression,4868
849,impression,4868
897,impression,4868
12,impression,4867
595,impression,4867
842,impression,4866
180,impression,4866
116,impression,4866
124,impression,4866
642,impression,4865
870,impression,4865
878,impression,4864
905,impression,4864
605,impression,4864
818,impression,4864
166,impression,4863
236,impression,4863
200,impression,4863
529,impression,4863
217,impression,4863
929,impression,4862
813,impression,4862
157,impression,4862
535,impression,4862
211,impression,4862
428,impression,4862
232,impression,4862
578,impression,4861
393,impression,4861
363,impression,4861
779,impression,4860
231,impression,4860
440,impression,4859
518,impression,4859
620,impression,4858
302,impression,4858
952,impression,4858
974,impression,4858
429,impression,4857
877,impression,4857
970,impression,4857
906,impression,4857
213,impression,4857
685,impression,4857
672,impression,4857
323,impression,4856
15,impression,4856
50,impression,4856
121,impression,4856
209,impression,4856
20,impression,4855
241,impression,4855
572,impression,4855
644,impression,4855
100,impression,4855
911,impression,4854
843,impression,4854
948,impression,4854
773,impression,4854
420,impression,4854
737,impression,4854
408,impression,4853
770,impression,4853
629,impression,4853
110,impression,4853
178,impression,4853
69,impression,4852
800,impression,4852
203,impression,4851
959,impression,4850
794,impression,4850
541,impression,4850
865,impression,4850
526,impression,4850
616,impression,4850
638,impression,4849
442,impression,4849
451,impression,4849
947,impression,4849
967,impression,4848
866,impression,4848
199,impression,4848
130,impression,4848
553,impression,4847
220,impression,4846
465,impression,4845
448,impression,4845
23,impression,4845
256,impression,4844
17,impression,4844
265,impression,4844
515,impression,4843
75,impression,4843
118,impression,4843
201,impression,4843
470,impression,4843
150,impression,4842
713,impression,4842
120,impression,4842
678,impression,4841
156,impression,4841
963,impression,4840
481,impression,4840
637,impression,4839
212,impression,4839
263,impression,4839
898,impression,4839
562,impression,4838
253,impression,4838
767,impression,4837
665,impression,4837
774,impression,4837
927,impression,4837
943,impression,4837
418,impression,4837
413,impression,4836
879,impression,4836
53,impression,4836
85,impression,4835
734,impression,4835
971,impression,4835
244,impression,4834
321,impression,4834
806,impression,4833
658,impression,4832
161,impression,4832
534,impression,4831
261,impression,4831
443,impression,4831
187,impression,4830
73,impression,4830
382,impression,4829
859,impression,4829
461,impression,4829
699,impression,4829
589,impression,4829
41,impression,4829
499,impression,4828
827,impression,4828
649,impression,4828
468,impression,4828
186,impression,4828
117,impression,4827
68,impression,4827
761,impression,4827
555,impression,4826
309,impression,4826
64,impression,4826
315,impression,4826
937,impression,4825
493,impression,4825
643,impression,4825
814,impression,4824
79,impression,4823
795,impression,4823
412,impression,4823
495,impression,4822
636,impression,4822
752,impression,4822
867,impression,4822
506,impression,4821
584,impression,4821
720,impression,4821
288,impression,4821
835,impression,4820
421,impression,4820
483,impression,4819
395,impression,4818
108,impression,4817
447,impression,4817
657,impression,4817
976,impression,4817
233,impression,4816
740,impression,4816
656,impression,4815
489,impression,4815
585,impression,4814
797,impression,4814
179,impression,4813
808,impression,4813
916,impression,4811
938,impression,4811
958,impression,4810
755,impression,4810
74,impression,4810
600,impression,4809
815,impression,4808
831,impression,4807
346,impression,4807
575,impression,4807
609,impression,4806
691,impression,4804
484,impression,4804
466,impression,4804
305,impression,4803
296,impression,4803
27,impression,4802
385,impression,4802
46,impression,4801
829,impression,4801
500,impression,4798
407,impression,4797
299,impression,4795
788,impression,4794
249,impression,4794
167,impression,4793
830,impression,4792
6,impression,4791
480,impression,4790
409,impression,4789
776,impression,4788
848,impression,4786
38,impression,4782
192,impression,4781
57,impression,4781
509,impression,4780
373,impression,4780
739,impression,4778
252,impression,4778
964,impression,4776
2,impression,4773
612,impression,4773
687,impression,4771
753,impression,4771
618,impression,4770
803,impression,4770
471,impression,4768
941,impression,4768
623,impression,4766
314,impression,4765
834,impression,4764
226,impression,4761
460,impression,4759
430,impression,4758
902,impression,4756
692,impression,4753
565,impression,4752
127,impression,4752
113,impression,4718
940,impression,4711
330,impression,4706
510,impression,4700
847,impression,4686
310,click,309
335,click,293
441,click,293
632,click,288
601,click,285
251,click,285
250,click,284
727,click,283
210,click,283
793,click,282
362,click,282
828,click,281
597,click,281
527,click,281
474,click,281
955,click,280
97,click,280
260,click,280
352,click,279
168,click,279
667,click,279
906,click,279
83,click,277
378,click,277
915,click,277
691,click,277
674,click,277
197,click,276
311,click,275
234,click,275
401,click,275
651,click,275
980,click,275
780,click,274
551,click,274
293,click,274
463,click,274
650,click,274
264,click,274
242,click,274
307,click,273
504,click,273
872,click,273
707,click,273
922,click,273
705,click,273
521,click,273
229,click,272
128,click,272
817,click,272
201,click,271
148,click,271
124,click,271
288,click,271
897,click,271
276,click,271
49,click,271
567,click,271
693,click,271
494,click,270
851,click,270
182,click,270
536,click,270
515,click,270
731,click,270
71,click,269
741,click,269
725,click,269
115,click,269
435,click,269
540,click,269
282,click,269
981,click,269
513,click,269
130,click,269
475,click,268
486,click,268
892,click,268
436,click,268
583,click,268
891,click,268
140,click,268
462,click,268
834,click,268
775,click,268
291,click,268
258,click,268
455,click,268
742,click,268
936,click,268
942,click,267
469,click,267
746,click,267
655,click,267
990,click,267
518,click,267
694,click,267
222,click,267
63,click,267
79,click,267
127,click,267
563,click,267
717,click,266
385,click,266
479,click,266
121,click,266
823,click,266
812,click,266
178,click,266
663,click,266
143,click,266
993,click,266
977,click,266
895,click,266
766,click,266
690,click,265
153,click,265
924,click,265
900,click,265
937,click,265
934,click,265
506,click,265
935,click,265
259,click,265
215,click,265
569,click,265
576,click,265
339,click,265
48,click,265
545,click,265
490,click,264
508,click,264
55,click,264
903,click,264
89,click,264
453,click,264
554,click,264
24,click,264
93,click,264
582,click,264
483,click,264
350,click,263
30,click,263
429,click,263
98,click,263
868,click,263
90,click,263
303,click,263
7,click,263
622,click,263
155,click,263
648,click,263
609,click,263
131,click,262
452,click,262
680,click,262
500,click,262
305,click,262
875,click,262
372,click,262
381,click,262
81,click,261
368,click,261
411,click,261
777,click,261
607,click,261
593,click,261
684,click,261
982,click,261
492,click,261
69,click,261
78,click,261
45,click,261
712,click,260
670,click,260
948,click,260
458,click,260
910,click,260
125,click,260
771,click,260
487,click,260
756,click,260
835,click,260
822,click,260
72,click,260
304,click,260
757,click,260
926,click,260
776,click,260
714,click,260
266,click,260
482,click,260
274,click,259
145,click,259
629,click,259
227,click,259
106,click,259
272,click,259
389,click,259
522,click,259
927,click,259
530,click,259
123,click,259
275,click,259
574,click,259
587,click,259
953,click,258
40,click,258
608,click,258
444,click,258
695,click,258
889,click,258
904,click,258
287,click,258
400,click,258
890,click,258
722,click,258
331,click,258
561,click,258
64,click,258
627,click,258
698,click,258
464,click,258
753,click,258
783,click,257
36,click,257
416,click,257
114,click,257
9,click,257
351,click,257
852,click,257
604,click,257
958,click,257
419,click,257
47,click,257
361,click,257
853,click,257
519,click,257
156,click,257
230,click,257
862,click,257
628,click,257
919,click,257
285,click,257
322,click,256
363,click,256
509,click,256
920,click,256
869,click,256
205,click,256
888,click,256
119,click,256
880,click,256
907,click,256
434,click,256
219,click,256
50,click,256
281,click,255
792,click,255
605,click,255
337,click,255
371,click,255
798,click,255
472,click,255
405,click,255
394,click,255
744,click,255
938,click,255
62,click,255
135,click,255
529,click,255
87,click,255
31,click,255
847,click,255
314,click,255
656,click,255
944,click,255
432,click,255
257,click,255
588,click,255
613,click,255
565,click,255
983,click,255
25,click,255
831,click,255
644,click,254
497,click,254
560,click,254
144,click,254
268,click,254
420,click,254
312,click,254
832,click,254
896,click,254
95,click,254
35,click,254
189,click,254
957,click,254
343,click,254
195,click,254
450,click,254
454,click,254
170,click,254
181,click,253
1000,click,253
952,click,253
425,click,253
815,click,253
671,click,253
163,click,253
313,click,253
908,click,253
286,click,253
390,click,253
961,click,253
810,click,253
637,click,253
165,click,253
687,click,253
713,click,253
745,click,253
240,click,253
781,click,253
16,click,253
67,click,253
117,click,252
443,click,252
220,click,252
997,click,252
373,click,252
995,click,252
101,click,252
397,click,252
96,click,252
207,click,252
633,click,252
806,click,252
316,click,252
29,click,252
874,click,252
465,click,252
217,click,252
481,click,252
682,click,252
764,click,252
575,click,252
269,click,252
965,click,252
112,click,252
819,click,252
972,click,252
76,click,252
134,click,252
532,click,252
347,click,252
864,click,252
191,click,251
324,click,251
577,click,251
584,click,251
353,click,251
743,click,251
338,click,251
301,click,251
160,click,251
91,click,251
208,click,251
930,click,251
661,click,251
814,click,251
328,click,251
382,click,251
315,click,251
356,click,251
365,click,251
12,click,251
620,click,251
10,click,250
236,click,250
377,click,250
289,click,250
547,click,250
393,click,250
894,click,250
295,click,250
417,click,250
984,click,250
42,click,250
859,click,250
939,click,250
703,click,250
562,click,250
203,click,250
103,click,250
726,click,250
246,click,250
747,click,250
270,click,250
111,click,250
17,click,250
333,click,250
805,click,250
617,click,250
578,click,249
867,click,249
137,click,249
476,click,249
855,click,249
20,click,249
945,click,249
970,click,249
679,click,249
488,click,249
221,click,249
14,click,249
367,click,249
485,click,249
245,click,249
41,click,249
573,click,249
415,click,249
715,click,249
59,click,249
850,click,249
696,click,249
139,click,249
358,click,249
724,click,249
391,click,249
538,click,249
151,click,249
329,click,248
686,click,248
975,click,248
523,click,248
346,click,248
237,click,248
809,click,248
386,click,248
797,click,248
734,click,248
300,click,248
846,click,248
132,click,248
94,click,248
239,click,248
188,click,248
723,click,248
675,click,248
496,click,248
541,click,248
735,click,248
319,click,248
579,click,248
512,click,248
348,click,248
618,click,248
516,click,248
799,click,248
149,click,248
216,click,248
46,click,248
66,click,248
634,click,247
973,click,247
599,click,247
719,click,247
235,click,247
33,click,247
841,click,247
437,click,247
243,click,247
13,click,247
466,click,247
283,click,247
664,click,247
204,click,247
978,click,247
716,click,247
408,click,247
449,click,247
748,click,247
364,click,247
960,click,247
493,click,247
947,click,246
733,click,246
804,click,246
767,click,246
511,click,246
849,click,246
231,click,246
778,click,246
332,click,246
592,click,246
791,click,246
11,click,246
104,click,246
218,click,246
933,click,246
916,click,246
253,click,246
502,click,246
357,click,246
107,click,246
917,click,246
635,click,246
586,click,246
931,click,246
683,click,246
161,click,246
801,click,246
692,click,246
495,click,246
383,click,246
669,click,246
790,click,245
422,click,245
940,click,245
901,click,245
152,click,245
825,click,245
967,click,245
996,click,245
265,click,245
866,click,245
552,click,245
18,click,245
820,click,245
912,click,245
728,click,245
5,click,245
706,click,245
410,click,245
108,click,245
477,click,245
61,click,245
857,click,245
406,click,245
898,click,244
387,click,244
459,click,244
878,click,244
296,click,244
198,click,244
861,click,244
668,click,244
74,click,244
762,click,244
697,click,244
842,click,244
803,click,244
750,click,244
928,click,244
625,click,244
51,click,244
158,click,244
423,click,244
177,click,244
950,click,244
252,click,244
758,click,244
615,click,244
176,click,243
709,click,243
824,click,243
273,click,243
991,click,243
959,click,243
39,click,243
92,click,243
700,click,243
871,click,243
209,click,243
299,click,243
403,click,243
956,click,243
678,click,243
807,click,243
752,click,243
994,click,243
631,click,243
292,click,243
118,click,243
818,click,243
826,click,243
755,click,243
421,click,243
183,click,242
765,click,242
507,click,242
193,click,242
297,click,242
37,click,242
206,click,242
739,click,242
580,click,242
971,click,242
4,click,242
380,click,242
440,click,242
624,click,242
572,click,242
549,click,242
736,click,242
510,click,242
56,click,242
341,click,242
345,click,242
559,click,242
84,click,241
280,click,241
639,click,241
839,click,241
941,click,241
196,click,241
785,click,241
720,click,241
653,click,241
442,click,241
323,click,241
886,click,241
413,click,241
657,click,241
610,click,241
796,click,241
180,click,241
154,click,241
962,click,241
548,click,241
376,click,241
546,click,241
612,click,241
854,click,241
77,click,241
784,click,241
992,click,241
28,click,241
641,click,240
277,click,240
402,click,240
426,click,240
591,click,240
708,click,240
921,click,240
141,click,240
863,click,240
946,click,240
884,click,240
456,click,240
589,click,240
404,click,240
82,click,240
543,click,240
446,click,240
877,click,240
439,click,240
638,click,240
290,click,240
738,click,240
966,click,240
870,click,240
647,click,240
105,click,240
370,click,239
88,click,239
598,click,239
590,click,239
190,click,239
672,click,239
987,click,239
751,click,239
396,click,239
782,click,239
102,click,239
759,click,239
445,click,239
614,click,239
58,click,239
309,click,239
136,click,239
414,click,239
932,click,239
681,click,239
318,click,238
484,click,238
321,click,238
856,click,238
261,click,238
760,click,238
392,click,238
65,click,238
571,click,238
730,click,238
412,click,238
60,click,238
73,click,238
214,click,238
70,click,238
845,click,238
354,click,238
467,click,238
816,click,238
821,click,238
80,click,238
914,click,238
54,click,238
468,click,238
558,click,237
603,click,237
568,click,237
457,click,237
979,click,237
142,click,237
433,click,237
689,click,237
26,click,237
166,click,237
640,click,237
238,click,237
244,click,237
902,click,237
800,click,237
666,click,237
616,click,237
461,click,236
685,click,236
330,click,236
175,click,236
233,click,236
963,click,236
503,click,236
660,click,236
636,click,236
505,click,236
858,click,236
662,click,236
909,click,236
438,click,236
974,click,236
813,click,236
882,click,236
109,click,236
837,click,236
334,click,236
224,click,236
200,click,236
374,click,236
621,click,236
654,click,235
431,click,235
384,click,235
879,click,235
186,click,235
126,click,235
38,click,235
43,click,235
194,click,235
606,click,235
619,click,235
773,click,235
701,click,234
770,click,234
211,click,234
146,click,234
162,click,234
100,click,234
893,click,234
202,click,234
150,click,234
830,click,234
120,click,234
531,click,234
659,click,234
302,click,234
8,click,234
418,click,234
876,click,234
555,click,234
528,click,234
732,click,234
754,click,233
271,click,233
611,click,233
344,click,233
19,click,233
3,click,233
447,click,233
326,click,233
951,click,233
710,click,233
602,click,233
843,click,233
954,click,233
157,click,233
480,click,233
23,click,233
174,click,233
278,click,233
471,click,233
881,click,233
226,click,233
1,click,233
44,click,232
929,click,232
53,click,232
359,click,232
213,click,232
737,click,232
925,click,232
539,click,232
623,click,232
427,click,232
185,click,231
649,click,231
905,click,231
2,click,231
263,click,231
499,click,231
255,click,231
665,click,231
873,click,231
677,click,231
34,click,231
159,click,231
985,click,231
887,click,231
284,click,231
294,click,231
643,click,230
673,click,230
836,click,230
192,click,230
564,click,230
786,click,230
646,click,230
779,click,230
256,click,230
688,click,230
430,click,230
15,click,230
968,click,230
774,click,230
86,click,230
986,click,230
6,click,230
267,click,230
409,click,230
167,click,230
769,click,230
22,click,230
533,click,229
122,click,229
173,click,229
491,click,229
241,click,229
223,click,229
520,click,229
711,click,229
478,click,229
526,click,229
676,click,229
232,click,229
199,click,229
388,click,229
379,click,229
768,click,228
306,click,228
133,click,228
75,click,228
652,click,228
171,click,228
489,click,228
718,click,228
969,click,228
517,click,228
630,click,228
704,click,228
366,click,228
989,click,228
999,click,228
247,click,228
829,click,227
772,click,227
340,click,227
988,click,227
138,click,227
325,click,227
249,click,227
129,click,227
795,click,227
998,click,227
184,click,227
254,click,227
85,click,227
918,click,226
27,click,226
407,click,226
626,click,226
355,click,226
699,click,226
179,click,226
498,click,226
833,click,226
557,click,226
501,click,226
544,click,225
248,click,225
566,click,225
308,click,225
885,click,225
336,click,225
808,click,225
228,click,225
451,click,225
883,click,225
398,click,225
913,click,225
116,click,225
298,click,225
534,click,225
642,click,224
964,click,224
827,click,224
57,click,224
399,click,224
99,click,224
424,click,224
749,click,224
596,click,224
844,click,224
164,click,224
811,click,224
658,click,223
595,click,223
976,click,223
553,click,223
585,click,222
763,click,222
212,click,222
865,click,222
349,click,222
570,click,222
848,click,222
327,click,221
840,click,221
110,click,221
375,click,221
740,click,221
802,click,221
320,click,220
838,click,220
537,click,220
600,click,220
225,click,220
169,click,219
187,click,218
943,click,218
32,click,218
923,click,217
369,click,217
542,click,217
899,click,217
721,click,217
761,click,217
360,click,217
514,click,217
702,click,217
473,click,216
470,click,216
645,click,216
788,click,216
342,click,216
535,click,216
172,click,215
550,click,214
860,click,214
911,click,214
729,click,213
52,click,213
524,click,212
525,click,212
594,click,210
262,click,210
68,click,210
556,click,209
787,click,209
147,click,209
428,click,209
581,click,209
949,click,208
789,click,208
317,click,207
279,click,206
113,click,206
794,click,205
460,click,205
21,click,205
395,click,199
448,click,197
455,purchase,7
593,purchase,6
196,purchase,6
222,purchase,5
115,purchase,5
479,purchase,5
400,purchase,5
192,purchase,5
630,purchase,4
677,purchase,4
493,purchase,4
889,purchase,4
385,purchase,4
922,purchase,4
329,purchase,4
288,purchase,4
314,purchase,4
59,purchase,4
361,purchase,4
793,purchase,4
891,purchase,4
162,purchase,4
92,purchase,4
15,purchase,4
762,purchase,4
477,purchase,4
406,purchase,4
97,purchase,4
993,purchase,4
663,purchase,4
980,purchase,4
105,purchase,4
573,purchase,3
502,purchase,3
983,purchase,3
517,purchase,3
702,purchase,3
981,purchase,3
959,purchase,3
157,purchase,3
478,purchase,3
291,purchase,3
803,purchase,3
409,purchase,3
818,purchase,3
823,purchase,3
833,purchase,3
673,purchase,3
370,purchase,3
863,purchase,3
918,purchase,3
137,purchase,3
954,purchase,3
871,purchase,3
427,purchase,3
326,purchase,3
284,purchase,3
757,purchase,3
949,purchase,3
976,purchase,3
893,purchase,3
579,purchase,3
96,purchase,3
879,purchase,3
972,purchase,3
126,purchase,3
144,purchase,3
869,purchase,3
614,purchase,3
778,purchase,3
349,purchase,3
149,purchase,3
422,purchase,3
89,purchase,3
178,purchase,3
408,purchase,3
396,purchase,3
19,purchase,3
230,purchase,3
809,purchase,3
554,purchase,3
804,purchase,3
307,purchase,3
507,purchase,3
419,purchase,3
817,purchase,3
944,purchase,3
430,purchase,3
766,purchase,3
462,purchase,3
241,purchase,3
970,purchase,3
653,purchase,3
848,purchase,3
562,purchase,3
127,purchase,3
971,purchase,3
997,purchase,3
873,purchase,3
512,purchase,3
335,purchase,3
200,purchase,3
234,purchase,3
576,purchase,3
25,purchase,3
341,purchase,3
298,purchase,3
56,purchase,3
786,purchase,3
637,purchase,3
767,purchase,3
432,purchase,3
587,purchase,3
485,purchase,3
80,purchase,3
148,purchase,3
315,purchase,3
781,purchase,3
898,purchase,3
143,purchase,3
93,purchase,3
382,purchase,3
913,purchase,2
749,purchase,2
114,purchase,2
131,purchase,2
446,purchase,2
357,purchase,2
491,purchase,2
650,purchase,2
617,purchase,2
868,purchase,2
625,purchase,2
118,purchase,2
490,purchase,2
71,purchase,2
936,purchase,2
826,purchase,2
626,purchase,2
689,purchase,2
606,purchase,2
204,purchase,2
735,purchase,2
217,purchase,2
224,purchase,2
433,purchase,2
304,purchase,2
521,purchase,2
531,purchase,2
881,purchase,2
457,purchase,2
805,purchase,2
100,purchase,2
60,purchase,2
3,purchase,2
414,purchase,2
948,purchase,2
308,purchase,2
220,purchase,2
417,purchase,2
599,purchase,2
305,purchase,2
639,purchase,2
709,purchase,2
973,purchase,2
945,purchase,2
648,purchase,2
533,purchase,2
518,purchase,2
290,purchase,2
790,purchase,2
327,purchase,2
508,purchase,2
926,purchase,2
982,purchase,2
191,purchase,2
905,purchase,2
839,purchase,2
857,purchase,2
2,purchase,2
567,purchase,2
384,purchase,2
187,purchase,2
236,purchase,2
607,purchase,2
963,purchase,2
466,purchase,2
524,purchase,2
296,purchase,2
445,purchase,2
914,purchase,2
175,purchase,2
974,purchase,2
423,purchase,2
150,purchase,2
874,purchase,2
139,purchase,2
469,purchase,2
623,purchase,2
865,purchase,2
590,purchase,2
66,purchase,2
620,purchase,2
435,purchase,2
538,purchase,2
351,purchase,2
210,purchase,2
454,purchase,2
979,purchase,2
138,purchase,2
421,purchase,2
961,purchase,2
225,purchase,2
35,purchase,2
635,purchase,2
951,purchase,2
691,purchase,2
439,purchase,2
246,purchase,2
528,purchase,2
333,purchase,2
987,purchase,2
473,purchase,2
946,purchase,2
11,purchase,2
39,purchase,2
155,purchase,2
582,purchase,2
558,purchase,2
852,purchase,2
831,purchase,2
723,purchase,2
14,purchase,2
802,purchase,2
730,purchase,2
843,purchase,2
774,purchase,2
251,purchase,2
472,purchase,2
931,purchase,2
292,purchase,2
560,purchase,2
242,purchase,2
855,purchase,2
800,purchase,2
647,purchase,2
208,purchase,2
140,purchase,2
556,purchase,2
306,purchase,2
476,purchase,2
388,purchase,2
634,purchase,2
834,purchase,2
321,purchase,2
83,purchase,2
281,purchase,2
882,purchase,2
968,purchase,2
104,purchase,2
783,purchase,2
513,purchase,2
252,purchase,2
890,purchase,2
704,purchase,2
232,purchase,2
299,purchase,2
259,purchase,2
990,purchase,2
794,purchase,2
832,purchase,2
31,purchase,2
557,purchase,2
221,purchase,2
442,purchase,2
984,purchase,2
245,purchase,2
33,purchase,2
752,purchase,2
440,purchase,2
897,purchase,2
771,purchase,2
549,purchase,2
746,purchase,2
608,purchase,2
276,purchase,2
978,purchase,2
515,purchase,2
412,purchase,2
460,purchase,2
656,purchase,2
325,purchase,2
147,purchase,2
268,purchase,2
536,purchase,2
516,purchase,2
434,purchase,2
450,purchase,2
425,purchase,2
847,purchase,2
373,purchase,2
912,purchase,2
701,purchase,2
452,purchase,2
511,purchase,2
142,purchase,2
87,purchase,2
670,purchase,2
32,purchase,2
728,purchase,2
989,purchase,2
529,purchase,2
917,purchase,2
697,purchase,2
846,purchase,2
16,purchase,2
164,purchase,2
317,purchase,2
680,purchase,2
424,purchase,2
233,purchase,2
285,purchase,2
228,purchase,2
99,purchase,2
761,purchase,2
464,purchase,2
72,purchase,2
113,purchase,2
438,purchase,2
218,purchase,2
102,purchase,2
431,purchase,2
621,purchase,2
257,purchase,2
364,purchase,2
829,purchase,2
399,purchase,2
825,purchase,2
596,purchase,2
861,purchase,2
548,purchase,2
953,purchase,2
772,purchase,2
198,purchase,2
561,purchase,2
646,purchase,2
437,purchase,2
503,purchase,2
486,purchase,2
303,purchase,2
895,purchase,2
75,purchase,2
552,purchase,2
205,purchase,2
569,purchase,2
860,purchase,1
816,purchase,1
240,purchase,1
782,purchase,1
170,purchase,1
575,purchase,1
780,purchase,1
311,purchase,1
543,purchase,1
153,purchase,1
263,purchase,1
383,purchase,1
811,purchase,1
568,purchase,1
122,purchase,1
744,purchase,1
133,purchase,1
933,purchase,1
539,purchase,1
154,purchase,1
751,purchase,1
334,purchase,1
128,purchase,1
712,purchase,1
264,purchase,1
629,purchase,1
238,purchase,1
880,purchase,1
350,purchase,1
878,purchase,1
166,purchase,1
690,purchase,1
481,purchase,1
278,purchase,1
684,purchase,1
37,purchase,1
884,purchase,1
666,purchase,1
632,purchase,1
797,purchase,1
991,purchase,1
899,purchase,1
911,purchase,1
669,purchase,1
467,purchase,1
109,purchase,1
915,purchase,1
459,purchase,1
286,purchase,1
908,purchase,1
182,purchase,1
916,purchase,1
506,purchase,1
12,purchase,1
336,purchase,1
380,purchase,1
998,purchase,1
453,purchase,1
324,purchase,1
376,purchase,1
24,purchase,1
1000,purchase,1
956,purchase,1
20,purchase,1
628,purchase,1
849,purchase,1
484,purchase,1
550,purchase,1
340,purchase,1
271,purchase,1
594,purchase,1
106,purchase,1
612,purchase,1
443,purchase,1
667,purchase,1
894,purchase,1
84,purchase,1
494,purchase,1
79,purchase,1
776,purchase,1
651,purchase,1
44,purchase,1
98,purchase,1
176,purchase,1
585,purchase,1
418,purchase,1
542,purchase,1
693,purchase,1
988,purchase,1
145,purchase,1
591,purchase,1
353,purchase,1
678,purchase,1
615,purchase,1
171,purchase,1
261,purchase,1
501,purchase,1
487,purchase,1
4,purchase,1
378,purchase,1
854,purchase,1
795,purchase,1
7,purchase,1
756,purchase,1
179,purchase,1
397,purchase,1
129,purchase,1
830,purchase,1
700,purchase,1
78,purchase,1
197,purchase,1
813,purchase,1
243,purchase,1
342,purchase,1
631,purchase,1
662,purchase,1
932,purchase,1
404,purchase,1
920,purchase,1
841,purchase,1
969,purchase,1
328,purchase,1
108,purchase,1
371,purchase,1
679,purchase,1
132,purchase,1
731,purchase,1
812,purchase,1
819,purchase,1
253,purchase,1
379,purchase,1
864,purchase,1
398,purchase,1
269,purchase,1
789,purchase,1
184,purchase,1
64,purchase,1
664,purchase,1
720,purchase,1
38,purchase,1
159,purchase,1
262,purchase,1
229,purchase,1
588,purchase,1
551,purchase,1
859,purchase,1
45,purchase,1
777,purchase,1
235,purchase,1
403,purchase,1
354,purchase,1
787,purchase,1
775,purchase,1
347,purchase,1
401,purchase,1
788,purchase,1
671,purchase,1
685,purchase,1
584,purchase,1
42,purchase,1
426,purchase,1
942,purchase,1
964,purchase,1
644,purchase,1
88,purchase,1
937,purchase,1
337,purchase,1
29,purchase,1
838,purchase,1
188,purchase,1
168,purchase,1
1,purchase,1
134,purchase,1
814,purchase,1
571,purchase,1
966,purchase,1
934,purchase,1
925,purchase,1
489,purchase,1
862,purchase,1
366,purchase,1
828,purchase,1
255,purchase,1
674,purchase,1
530,purchase,1
649,purchase,1
158,purchase,1
904,purchase,1
747,purchase,1
770,purchase,1
844,purchase,1
289,purchase,1
907,purchase,1
923,purchase,1
249,purchase,1
977,purchase,1
665,purchase,1
294,purchase,1
659,purchase,1
27,purchase,1
822,purchase,1
605,purchase,1
505,purchase,1
302,purchase,1
955,purchase,1
393,purchase,1
694,purchase,1
627,purchase,1
883,purchase,1
136,purchase,1
892,purchase,1
231,purchase,1
921,purchase,1
10,purchase,1
564,purchase,1
708,purchase,1
769,purchase,1
9,purchase,1
40,purchase,1
295,purchase,1
546,purchase,1
6,purchase,1
497,purchase,1
219,purchase,1
906,purchase,1
483,purchase,1
924,purchase,1
504,purchase,1
146,purchase,1
53,purchase,1
48,purchase,1
277,purchase,1
719,purchase,1
193,purchase,1
559,purchase,1
597,purchase,1
377,purchase,1
919,purchase,1
877,purchase,1
34,purchase,1
866,purchase,1
975,purchase,1
835,purchase,1
202,purchase,1
101,purchase,1
201,purchase,1
352,purchase,1
18,purchase,1
52,purchase,1
23,purchase,1
267,purchase,1
687,purchase,1
853,purchase,1
721,purchase,1
729,purchase,1
319,purchase,1
203,purchase,1
195,purchase,1
815,purchase,1
522,purchase,1
76,purchase,1
927,purchase,1
161,purchase,1
355,purchase,1
282,purchase,1
499,purchase,1
759,purchase,1
256,purchase,1
54,purchase,1
356,purchase,1
50,purchase,1
43,purchase,1
610,purchase,1
768,purchase,1
633,purchase,1
810,purchase,1
745,purchase,1
82,purchase,1
995,purchase,1
283,purchase,1
368,purchase,1
939,purchase,1
375,purchase,1
310,purchase,1
886,purchase,1
270,purchase,1
799,purchase,1
580,purchase,1
167,purchase,1
85,purchase,1
332,purchase,1
391,purchase,1
806,purchase,1
367,purchase,1
280,purchase,1
301,purchase,1
69,purchase,1
957,purchase,1
348,purchase,1
657,purchase,1
413,purchase,1
260,purchase,1
495,purchase,1
496,purchase,1
967,purchase,1
449,purchase,1
330,purchase,1
141,purchase,1
714,purchase,1
374,purchase,1
177,purchase,1
55,purchase,1
851,purchase,1
394,purchase,1
91,purchase,1
468,purchase,1
190,purchase,1
226,purchase,1
837,purchase,1
313,purchase,1
415,purchase,1
753,purchase,1
660,purchase,1
474,purchase,1
540,purchase,1
636,purchase,1
124,purchase,1
960,purchase,1
163,purchase,1
703,purchase,1
343,purchase,1
996,purchase,1
5,purchase,1
331,purchase,1
365,purchase,1
801,purchase,1
845,purchase,1
312,purchase,1
668,purchase,1
389,purchase,1
107,purchase,1
985,purchase,1
360,purchase,1
598,purchase,1
609,purchase,1
94,purchase,1
738,purchase,1
475,purchase,1
67,purchase,1
601,purchase,1
61,purchase,1
706,purchase,1
254,purchase,1
570,purchase,1
555,purchase,1
189,purchase,1
563,purchase,1
870,purchase,1
